{
  "phase_1": {
    "accuracy": [
      0.951452910900116,
      0.9742266535758972,
      0.9761034846305847,
      0.9771089553833008,
      0.9778463244438171,
      0.9790863394737244,
      0.9791868925094604,
      0.9798237085342407,
      0.9800248146057129
    ],
    "loss": [
      0.30832111835479736,
      0.25323686003685,
      0.2458444982767105,
      0.24203293025493622,
      0.23758921027183533,
      0.23529478907585144,
      0.23295269906520844,
      0.23200874030590057,
      0.23048323392868042
    ],
    "learning_rate": [
      9.999999747378752e-05,
      9.999999747378752e-05,
      9.999999747378752e-05,
      9.999999747378752e-05,
      9.999999747378752e-05,
      9.999999747378752e-05,
      9.999999747378752e-05,
      9.999999747378752e-05,
      9.999999747378752e-05
    ]
  },
  "phase_2": {
    "accuracy": [
      0.9734222888946533,
      0.9786171317100525,
      0.9807118773460388,
      0.9820692539215088,
      0.9832925796508789,
      0.9847002029418945,
      0.9855716228485107,
      0.9859067797660828
    ],
    "loss": [
      0.24901391565799713,
      0.23471315205097198,
      0.2283075749874115,
      0.22307007014751434,
      0.21971188485622406,
      0.2164457142353058,
      0.2139115035533905,
      0.21232569217681885
    ],
    "learning_rate": [
      9.999999747378752e-06,
      9.999999747378752e-06,
      9.999999747378752e-06,
      9.999999747378752e-06,
      9.999999747378752e-06,
      9.999999747378752e-06,
      9.999999747378752e-06,
      9.999999747378752e-06
    ]
  },
  "phase_1_epochs_trained": 9,
  "phase_2_epochs_trained": 8,
  "fine_tune_layers_to_unfreeze": 30,
  "class_names_in_order": [
    "cats",
    "dogs",
    "unknown"
  ]
}