{
  "accuracy": [
    0.9450542330741882,
    0.9739829897880554,
    0.9768109321594238,
    0.9795759916305542,
    0.9802044630050659,
    0.980581521987915,
    0.9816707968711853,
    0.9824668169021606,
    0.9831371307373047,
    0.9838074445724487,
    0.9834303855895996,
    0.9829695224761963,
    0.9732497930526733,
    0.9800787568092346,
    0.9820268750190735,
    0.9838912487030029,
    0.984896719455719,
    0.9855042099952698,
    0.9857136607170105,
    0.9854204058647156
  ],
  "val_accuracy": [
    0.981484591960907,
    0.9817359447479248,
    0.9826574921607971,
    0.9834115505218506,
    0.9832439422607422,
    0.9845844507217407,
    0.9855898022651672,
    0.9853384494781494,
    0.9864276051521301,
    0.9859249591827393,
    0.9854222536087036,
    0.9857573509216309,
    0.9855060577392578,
    0.9869303107261658,
    0.9877681136131287,
    0.987265408039093,
    0.9879356622695923,
    0.9882707595825195,
    0.988689661026001,
    0.9883545637130737
  ],
  "loss": [
    0.3262121379375458,
    0.2631283402442932,
    0.2521723806858063,
    0.24362942576408386,
    0.24210219085216522,
    0.2396813929080963,
    0.23759424686431885,
    0.23444737493991852,
    0.23123624920845032,
    0.2316373586654663,
    0.2301657497882843,
    0.22836047410964966,
    0.2577207088470459,
    0.24035081267356873,
    0.23222145438194275,
    0.2256927192211151,
    0.2244059294462204,
    0.2214568555355072,
    0.21950270235538483,
    0.2191033959388733
  ],
  "learning_rate": [
    9.999999747378752e-05,
    9.999999747378752e-05,
    9.999999747378752e-05,
    9.999999747378752e-05,
    9.999999747378752e-05,
    9.999999747378752e-05,
    9.999999747378752e-05,
    9.999999747378752e-05,
    9.999999747378752e-05,
    9.999999747378752e-05,
    9.999999747378752e-05,
    4.999999873689376e-05,
    9.999999747378752e-06,
    9.999999747378752e-06,
    9.999999747378752e-06,
    9.999999747378752e-06,
    4.999999873689376e-06,
    4.999999873689376e-06,
    4.999999873689376e-06,
    4.999999873689376e-06
  ],
  "val_loss": [
    0.24457600712776184,
    0.2454088032245636,
    0.23992903530597687,
    0.2330707609653473,
    0.23105140030384064,
    0.22838637232780457,
    0.22253045439720154,
    0.22399276494979858,
    0.21849508583545685,
    0.2191135585308075,
    0.2234669327735901,
    0.22096823155879974,
    0.22012999653816223,
    0.21604220569133759,
    0.21225981414318085,
    0.21308079361915588,
    0.2099868804216385,
    0.20959220826625824,
    0.20774325728416443,
    0.206986665725708
  ]
}